"ID_MOTHER","ALLELE","HAPLOTYPE"
23244,"Iex2_0001",1
23244,"Iex2_0011",1
23244,"Iex2_0017",1
23244,"Iex2_0019",1
23244,"Iex2_0052",1
23244,"Iex2_0078",1
23244,"Iex2_0261",1
23244,"Iex3_007",1
23244,"Iex3_008",1
23244,"Iex3_009",1
23244,"Iex3_024",1
23244,"Iex2_0001",2
23244,"Iex2_0123",2
23244,"Iex2_0141",2
23244,"Iex2_0229",2
23244,"Iex2_0241",2
23244,"Iex2_1495",2
23244,"Iex3_002",2
23244,"Iex3_006",2
23244,"Iex3_010",2
23244,"Iex3_054",2
23244,"Iex3_056",2
23244,"IIex2_001",2
23244,"IIex2_009",2
23815,"Iex2_0002",1
23815,"Iex2_0007",1
23815,"Iex2_0015",1
23815,"Iex2_0266",1
23815,"Iex2_0374",1
23815,"Iex2_0635",1
23815,"Iex2_1499",1
23815,"Iex3_005",1
23815,"Iex3_045",1
23815,"Iex3_063",1
23815,"Iex3_085",1
23815,"IIex2_096",1
23815,"Iex2_0001",2
23815,"Iex2_0002",2
23815,"Iex2_0018",2
23815,"Iex2_0047",2
23815,"Iex2_0218",2
23815,"Iex3_007",2
23815,"Iex3_014",2
23815,"Iex3_032",2
23815,"Iex3_043",2
23815,"IIex2_118",2
23816,"Iex2_0001",1
23816,"Iex2_0015",1
23816,"Iex2_0019",1
23816,"Iex2_0078",1
23816,"Iex2_0118",1
23816,"Iex2_0374",1
23816,"Iex2_ps2",1
23816,"Iex3_016",1
23816,"IIex2_005",1
23816,"Iex2_0001",2
23816,"Iex2_0015",2
23816,"Iex2_0135",2
23816,"Iex2_0154",2
23816,"Iex2_0242",2
23816,"Iex2_0277",2
23816,"Iex3_001",2
23816,"Iex3_022",2
23816,"Iex3_042",2
23816,"Iex3_046",2
23816,"Iex3_066",2
23816,"IIex2_045",2
23817,"Iex2_0001",1
23817,"Iex2_0002",1
23817,"Iex2_0564",1
23817,"Iex2_1466",1
23817,"Iex3_023",1
23817,"Iex3_031",1
23817,"Iex3_035",1
23817,"Iex3_045",1
23817,"Iex3_069",1
23817,"IIex2_204",1
23817,"Iex2_0001",2
23817,"Iex2_0011",2
23817,"Iex2_0017",2
23817,"Iex2_0052",2
23817,"Iex2_0057",2
23817,"Iex2_0120",2
23817,"Iex3_009",2
23817,"Iex3_023",2
23817,"Iex3_055",2
23817,"IIex2_019",2
23817,"IIex2_059",2
23818,"Iex2_0019",1
23818,"Iex2_0077",1
23818,"Iex2_0102",1
23818,"Iex2_0372",1
23818,"Iex3_003",1
23818,"Iex3_011",1
23818,"Iex3_025",1
23818,"Iex3_026",1
23818,"Iex3_033",1
23818,"Iex3_053",1
23818,"IIex2_010",1
23818,"IIex2_272",1
23818,"IIex2_276",1
23818,"Iex2_0047",2
23818,"Iex2_0049",2
23818,"Iex2_0077",2
23818,"Iex2_0102",2
23818,"Iex2_0346",2
23818,"Iex3_003",2
23818,"Iex3_025",2
23818,"Iex3_026",2
23818,"Iex3_028",2
23818,"IIex2_010",2
23818,"IIex2_272",2
23818,"IIex2_276",2
23818,"Iex3_011",2
23819,"Iex2_0001",1
23819,"Iex2_0007",1
23819,"Iex2_0171",1
23819,"Iex2_0332",1
23819,"Iex2_0500",1
23819,"Iex2_1466",1
23819,"Iex3_005",1
23819,"Iex3_027",1
23819,"Iex3_031",1
23819,"Iex3_034",1
23819,"Iex3_063",1
23819,"IIex2_019",1
23819,"IIex2_059",1
23819,"Iex2_0001",2
23819,"Iex2_0011",2
23819,"Iex2_0017",2
23819,"Iex2_0052",2
23819,"Iex2_0057",2
23819,"Iex2_0143",2
23819,"Iex2_0261",2
23819,"Iex3_008",2
23819,"Iex3_009",2
23819,"Iex3_055",2
23819,"Iex3_148",2
23819,"IIex2_198",2
23820,"Iex2_0001",1
23820,"Iex2_0015",1
23820,"Iex2_0019",1
23820,"Iex2_0078",1
23820,"Iex2_0374",1
23820,"Iex3_023",1
23820,"IIex2_005",1
23820,"Iex2_0001",2
23820,"Iex2_0005",2
23820,"Iex2_0022",2
23820,"Iex2_0045",2
23820,"Iex2_0049",2
23820,"Iex2_0067",2
23820,"Iex2_1474",2
23820,"Iex3_032",2
23820,"Iex3_052",2
23820,"Iex3_084",2
23820,"Iex3_022",2
23820,"IIex2_118",2
23821,"Iex2_0001",1
23821,"Iex2_0014",1
23821,"Iex2_0117",1
23821,"Iex2_0261",1
23821,"Iex2_0366",1
23821,"Iex2_0522",1
23821,"Iex3_008",1
23821,"Iex3_041",1
23821,"Iex3_071",1
23821,"IIex2_019",1
23821,"IIex2_059",1
23821,"Iex2_0002",1
23821,"Iex2_0001",2
23821,"Iex2_0002",2
23821,"Iex2_0108",2
23821,"Iex2_0185",2
23821,"Iex2_0336",2
23821,"Iex2_0566",2
23821,"Iex3_014",2
23821,"Iex3_025",2
23821,"Iex3_086",2
23821,"Iex3_098",2
23821,"Iex3_101",2
23821,"Iex3_104",2
23821,"Iex3_120",2
23821,"IIex2_032",2
23821,"IIex2_082",2
23822,"Iex2_0001",1
23822,"Iex2_0002",1
23822,"Iex2_0019",1
23822,"Iex2_0077",1
23822,"Iex2_0078",1
23822,"Iex2_0102",1
23822,"Iex2_0346",1
23822,"Iex2_0809",1
23822,"Iex3_011",1
23822,"Iex3_017",1
23822,"Iex3_024",1
23822,"Iex3_026",1
23822,"Iex3_076",1
23822,"IIex2_102",1
23822,"Iex2_0001",2
23822,"Iex2_0002",2
23822,"Iex2_0076",2
23822,"Iex2_0108",2
23822,"Iex2_0329",2
23822,"Iex2_0375",2
23822,"Iex2_0387",2
23822,"Iex3_005",2
23822,"Iex3_038",2
23822,"Iex3_051",2
23822,"Iex3_098",2
23822,"Iex3_118",2
23822,"Iex3_185",2
23822,"IIex2_015",2
23823,"Iex2_0001",1
23823,"Iex2_0011",1
23823,"Iex2_0017",1
23823,"Iex2_0049",1
23823,"Iex2_0052",1
23823,"Iex2_0206",1
23823,"Iex2_0232",1
23823,"Iex3_008",1
23823,"Iex3_009",1
23823,"Iex3_092",1
23823,"Iex3_104",1
23823,"IIex2_001",1
23823,"IIex2_040",1
23823,"Iex2_0001",2
23823,"Iex2_0002",2
23823,"Iex2_0022",2
23823,"Iex2_0154",2
23823,"Iex2_0199",2
23823,"Iex2_0206",2
23823,"Iex2_0261",2
23823,"Iex2_0282",2
23823,"Iex2_0332",2
23823,"Iex2_0343",2
23823,"Iex2_0521",2
23823,"Iex3_001",2
23823,"Iex3_007",2
23823,"Iex3_008",2
23823,"Iex3_021",2
23823,"Iex3_035",2
23823,"Iex3_080",2
23823,"IIex2_044",2
23824,"Iex2_0001",1
23824,"Iex2_0009",1
23824,"Iex2_0027",1
23824,"Iex2_0123",1
23824,"Iex2_0141",1
23824,"Iex2_0232",1
23824,"Iex2_0233",1
23824,"Iex3_002",1
23824,"Iex3_006",1
23824,"Iex3_010",1
23824,"Iex3_059",1
23824,"Iex3_061",1
23824,"Iex3_064",1
23824,"Iex3_074",1
23824,"Iex3_090",1
23824,"IIex2_005",1
23824,"Iex2_0001",2
23824,"Iex2_0047",2
23824,"Iex2_0076",2
23824,"Iex3_014",2
23824,"Iex3_028",2
23824,"Iex3_051",2
23824,"IIex2_005",2
23824,"Iex2_0123",2
23824,"Iex2_0141",2
23824,"Iex3_002",2
23824,"Iex3_006",2
23824,"Iex3_010",2
23826,"Iex2_0001",1
23826,"Iex2_0015",1
23826,"Iex2_0047",1
23826,"Iex2_0071",1
23826,"Iex2_0102",1
23826,"Iex2_0262",1
23826,"Iex3_007",1
23826,"Iex3_008",1
23826,"Iex3_020",1
23826,"IIex2_001",1
23826,"IIex2_008",1
23826,"Iex2_0001",2
23826,"Iex2_0002",2
23826,"Iex2_0076",2
23826,"Iex2_0108",2
23826,"Iex2_0329",2
23826,"Iex2_0375",2
23826,"Iex2_0387",2
23826,"Iex3_005",2
23826,"Iex3_038",2
23826,"Iex3_051",2
23826,"Iex3_098",2
23826,"Iex3_118",2
23826,"Iex3_185",2
23826,"IIex2_015",2
23827,"Iex2_0001",1
23827,"Iex2_0015",1
23827,"Iex2_0019",1
23827,"Iex2_0078",1
23827,"Iex2_0374",1
23827,"Iex3_023",1
23827,"Iex2_0001",2
23827,"Iex2_0005",2
23827,"Iex2_0076",2
23827,"Iex2_0123",2
23827,"Iex2_0141",2
23827,"Iex2_0479",2
23827,"Iex2_0993",2
23827,"Iex3_002",2
23827,"Iex3_006",2
23827,"Iex3_010",2
23827,"Iex3_050",2
23827,"Iex3_051",2
23827,"Iex3_096",2
23827,"IIex2_026",2
23827,"IIex2_046",2
23828,"Iex2_0092",1
23828,"Iex2_0099",1
23828,"Iex2_0118",1
23828,"Iex2_0236",1
23828,"Iex2_0835",1
23828,"Iex2_ps2",1
23828,"Iex3_001",1
23828,"Iex3_003",1
23828,"Iex3_016",1
23828,"Iex3_017",1
23828,"Iex3_020",1
23828,"Iex3_036",1
23828,"Iex3_037",1
23828,"Iex2_0011",2
23828,"Iex2_0017",2
23828,"Iex2_0052",2
23828,"Iex2_0057",2
23828,"Iex2_0118",2
23828,"Iex2_0120",2
23828,"Iex3_009",2
23828,"Iex3_016",2
23828,"Iex3_055",2
23828,"IIex2_204",2
23829,"Iex2_0001",1
23829,"Iex2_0027",1
23829,"Iex2_0175",1
23829,"Iex2_0218",1
23829,"Iex3_005",1
23829,"Iex3_043",1
23829,"Iex3_061",1
23829,"Iex3_065",1
23829,"IIex2_204",1
23829,"Iex2_0001",2
23829,"Iex2_0011",2
23829,"Iex2_0017",2
23829,"Iex2_0052",2
23829,"Iex2_0199",2
23829,"Iex2_0206",2
23829,"Iex2_0230",2
23829,"Iex2_0282",2
23829,"Iex2_0343",2
23829,"Iex2_0521",2
23829,"Iex3_005",2
23829,"Iex3_009",2
23829,"Iex3_021",2
23829,"Iex3_035",2
23829,"Iex3_080",2
23829,"IIex2_113",2
23830,"Iex2_0001",1
23830,"Iex2_0002",1
23830,"Iex2_0018",1
23830,"Iex2_0047",1
23830,"Iex2_0218",1
23830,"Iex3_007",1
23830,"Iex3_014",1
23830,"Iex3_032",1
23830,"Iex3_043",1
23830,"IIex2_118",1
23830,"Iex2_0001",2
23830,"Iex2_0092",2
23830,"Iex2_0099",2
23830,"Iex2_0236",2
23830,"Iex2_0835",2
23830,"Iex3_001",2
23830,"Iex3_020",2
23830,"Iex3_023",2
23830,"Iex3_036",2
23830,"Iex3_037",2
23830,"IIex2_064",2
23831,"Iex2_0001",1
23831,"Iex2_0135",1
23831,"Iex2_0154",1
23831,"Iex2_0242",1
23831,"Iex2_0277",1
23831,"Iex3_001",1
23831,"Iex3_022",1
23831,"Iex3_042",1
23831,"Iex3_046",1
23831,"Iex3_066",1
23831,"IIex2_045",1
23831,"Iex2_0015",2
23831,"Iex2_0102",2
23831,"Iex2_0118",2
23831,"Iex2_0199",2
23831,"Iex2_0206",2
23831,"Iex2_0282",2
23831,"Iex2_0343",2
23831,"Iex2_0521",2
23831,"Iex2_ps2",2
23831,"Iex3_007",2
23831,"Iex3_016",2
23831,"Iex3_020",2
23831,"Iex3_021",2
23831,"Iex3_035",2
23831,"Iex3_080",2
23831,"IIex2_005",2
23831,"Iex2_0001",2
23832,"Iex2_0001",1
23832,"Iex2_0092",1
23832,"Iex2_0099",1
23832,"Iex2_0118",1
23832,"Iex2_0236",1
23832,"Iex2_0835",1
23832,"Iex2_ps2",1
23832,"Iex3_001",1
23832,"Iex3_003",1
23832,"Iex3_016",1
23832,"Iex3_017",1
23832,"Iex3_020",1
23832,"Iex3_036",1
23832,"Iex3_037",1
23832,"IIex2_045",1
23832,"Iex2_0001",2
23832,"Iex2_0002",2
23832,"Iex2_0027",2
23832,"Iex2_0232",2
23832,"Iex2_0233",2
23832,"Iex2_0299",2
23832,"Iex3_039",2
23832,"Iex3_059",2
23832,"Iex3_061",2
23832,"Iex3_064",2
23832,"Iex3_090",2
23832,"Iex3_119",2
23832,"IIex2_044",2
23833,"Iex2_0001",1
23833,"Iex2_0045",1
23833,"Iex2_0123",1
23833,"Iex2_0154",1
23833,"Iex2_0241",1
23833,"Iex2_0400",1
23833,"Iex2_1063",1
23833,"Iex3_001",1
23833,"Iex3_003",1
23833,"Iex3_006",1
23833,"Iex3_023",1
23833,"Iex3_032",1
23833,"Iex3_054",1
23833,"Iex3_056",1
23833,"Iex3_108",1
23833,"IIex2_028",1
23833,"Iex2_0027",2
23833,"Iex2_0061",2
23833,"Iex2_0257",2
23833,"Iex2_0364",2
23833,"Iex2_0372",2
23833,"Iex3_030",2
23833,"Iex3_053",2
23833,"Iex3_110",2
23833,"Iex3_124",2
23833,"IIex2_010",2
23833,"IIex2_110",2
23833,"IIex2_272",2
23835,"Iex2_0001",1
23835,"Iex2_0002",1
23835,"Iex2_0022",1
23835,"Iex2_0077",1
23835,"Iex2_0171",1
23835,"Iex2_0230",1
23835,"Iex2_1498",1
23835,"Iex3_005",1
23835,"Iex3_017",1
23835,"Iex3_027",1
23835,"Iex3_034",1
23835,"IIex2_102",1
23835,"Iex3_011",1
23835,"Iex2_0001",2
23835,"Iex2_0047",2
23835,"Iex2_0077",2
23835,"Iex2_0102",2
23835,"Iex2_0135",2
23835,"Iex3_011",2
23835,"Iex3_022",2
23835,"Iex3_026",2
23835,"Iex3_028",2
23835,"Iex3_042",2
23835,"IIex2_064",2
23836,"Iex2_0001",1
23836,"Iex2_0154",1
23836,"Iex2_0230",1
23836,"Iex2_0277",1
23836,"Iex2_0653",1
23836,"Iex3_001",1
23836,"Iex3_005",1
23836,"Iex3_046",1
23836,"Iex3_066",1
23836,"IIex2_001",1
23836,"Iex2_0077",1
23836,"Iex2_0102",1
23836,"Iex3_011",1
23836,"Iex3_026",1
23836,"Iex2_0002",2
23836,"Iex2_0019",2
23836,"Iex2_0077",2
23836,"Iex2_0078",2
23836,"Iex2_0102",2
23836,"Iex2_0346",2
23836,"Iex3_011",2
23836,"Iex3_024",2
23836,"Iex3_026",2
23836,"Iex3_045",2
23836,"Iex2_0001",2
23836,"IIex2_216",2
23837,"Iex2_0001",1
23837,"Iex2_0015",1
23837,"Iex2_0047",1
23837,"Iex2_0071",1
23837,"Iex2_0102",1
23837,"Iex2_0230",1
23837,"Iex3_005",1
23837,"Iex3_007",1
23837,"Iex3_020",1
23837,"IIex2_064",1
23837,"Iex2_0002",2
23837,"Iex2_0011",2
23837,"Iex2_0017",2
23837,"Iex2_0052",2
23837,"Iex2_0057",2
23837,"Iex2_0120",2
23837,"Iex2_0346",2
23837,"Iex3_009",2
23837,"Iex3_055",2
23837,"Iex3_082",2
23837,"IIex2_020",2
23838,"Iex2_0001",1
23838,"Iex2_0011",1
23838,"Iex2_0017",1
23838,"Iex2_0052",1
23838,"Iex2_0057",1
23838,"Iex2_0118",1
23838,"Iex2_0120",1
23838,"Iex2_ps2",1
23838,"Iex3_009",1
23838,"Iex3_016",1
23838,"Iex3_055",1
23838,"Iex3_147",1
23838,"IIex2_001",1
23838,"IIex2_040",1
23838,"Iex2_0001",2
23838,"Iex2_0019",2
23838,"Iex2_0077",2
23838,"Iex2_0102",2
23838,"Iex2_0123",2
23838,"Iex2_0141",2
23838,"Iex2_1497",2
23838,"Iex3_002",2
23838,"Iex3_006",2
23838,"Iex3_010",2
23838,"Iex3_011",2
23838,"Iex3_024",2
23838,"Iex3_026",2
23838,"IIex2_064",2
23839,"Iex2_0001",1
23839,"Iex2_0047",1
23839,"Iex2_0077",1
23839,"Iex2_0101",1
23839,"Iex2_0102",1
23839,"Iex3_011",1
23839,"Iex3_026",1
23839,"Iex3_039",1
23839,"Iex3_067",1
23839,"IIex2_064",1
23839,"IIex2_196",1
23839,"Iex2_0001",2
23839,"Iex2_0047",2
23839,"Iex2_0077",2
23839,"Iex2_0101",2
23839,"Iex2_0102",2
23839,"Iex3_007",2
23839,"Iex3_011",2
23839,"Iex3_026",2
23839,"Iex3_039",2
23839,"Iex3_067",2
23839,"IIex2_064",2
23839,"IIex2_196",2
23840,"Iex2_0001",1
23840,"Iex2_0037",1
23840,"Iex2_0061",1
23840,"Iex2_0339",1
23840,"Iex2_0596",1
23840,"Iex2_0810",1
23840,"Iex2_1490",1
23840,"Iex3_030",1
23840,"Iex3_062",1
23840,"Iex3_079",1
23840,"Iex3_091",1
23840,"Iex3_099",1
23840,"Iex3_103",1
23840,"IIex2_273",1
23840,"Iex2_0018",2
23840,"Iex2_0047",2
23840,"Iex2_0121",2
23840,"Iex3_007",2
23840,"Iex3_008",2
23840,"Iex2_0001",2
23840,"IIex2_064",2
23841,"Iex2_0018",1
23841,"Iex2_0047",1
23841,"Iex2_0121",1
23841,"Iex3_007",1
23841,"Iex3_008",1
23841,"IIex2_064",1
23841,"Iex2_0014",2
23841,"Iex2_0028",2
23841,"Iex2_0175",2
23841,"Iex3_065",2
23841,"Iex3_081",2
23841,"IIex2_001",2
23841,"IIex2_009",2
23841,"Iex2_0047",2
23841,"IIex2_064",2
23843,"Iex2_0001",1
23843,"Iex2_0002",1
23843,"Iex2_0011",1
23843,"Iex2_0017",1
23843,"Iex2_0052",1
23843,"Iex2_0502",1
23843,"Iex2_0564",1
23843,"Iex3_009",1
23843,"Iex3_014",1
23843,"Iex3_025",1
23843,"Iex3_035",1
23843,"Iex3_069",1
23843,"Iex3_088",1
23843,"IIex2_119",1
23843,"Iex3_007",1
23843,"Iex2_0001",2
23843,"Iex2_0018",2
23843,"Iex2_0047",2
23843,"Iex2_0121",2
23843,"Iex3_007",2
23843,"Iex3_008",2
23843,"IIex2_064",2
23845,"Iex2_0001",1
23845,"Iex2_0014",1
23845,"Iex2_0117",1
23845,"Iex2_0366",1
23845,"Iex2_0387",1
23845,"Iex2_0522",1
23845,"Iex3_005",1
23845,"Iex3_038",1
23845,"Iex3_041",1
23845,"Iex3_071",1
23845,"IIex2_147",1
23845,"Iex2_0001",2
23845,"Iex2_0092",2
23845,"Iex2_0099",2
23845,"Iex2_0262",2
23845,"Iex2_0835",2
23845,"Iex3_008",2
23845,"Iex3_020",2
23845,"Iex3_036",2
23845,"Iex3_037",2
23845,"IIex2_019",2
23845,"IIex2_059",2
23846,"Iex2_0011",1
23846,"Iex2_0017",1
23846,"Iex2_0052",1
23846,"Iex2_0057",1
23846,"Iex2_0118",1
23846,"Iex2_0120",1
23846,"Iex3_009",1
23846,"Iex3_016",1
23846,"Iex3_055",1
23846,"Iex2_0001",1
23846,"IIex2_204",1
23846,"Iex2_0001",2
23846,"Iex2_0011",2
23846,"Iex2_0017",2
23846,"Iex2_0052",2
23846,"Iex2_0057",2
23846,"Iex2_0118",2
23846,"Iex2_0120",2
23846,"Iex2_0123",2
23846,"Iex2_0141",2
23846,"Iex3_006",2
23846,"Iex3_009",2
23846,"Iex3_010",2
23846,"Iex3_016",2
23846,"Iex3_055",2
23846,"IIex2_204",2
23847,"Iex2_0001",1
23847,"Iex2_0019",1
23847,"Iex2_0076",1
23847,"Iex2_0230",1
23847,"Iex3_005",1
23847,"Iex3_033",1
23847,"Iex3_051",1
23847,"IIex2_026",1
23847,"IIex2_046",1
23847,"Iex2_0015",1
23847,"Iex2_0102",1
23847,"Iex3_007",1
23847,"Iex3_020",1
23847,"Iex2_0001",2
23847,"Iex2_0015",2
23847,"Iex2_0047",2
23847,"Iex2_0071",2
23847,"Iex2_0102",2
23847,"Iex3_002",2
23847,"Iex3_007",2
23847,"Iex3_020",2
23847,"IIex2_001",2
23847,"IIex2_008",2
23848,"Iex2_0037",1
23848,"Iex2_0076",1
23848,"Iex2_0103",1
23848,"Iex2_0346",1
23848,"Iex2_0431",1
23848,"Iex2_0809",1
23848,"Iex3_051",1
23848,"Iex3_076",1
23848,"Iex3_083",1
23848,"Iex3_091",1
23848,"Iex3_204",1
23848,"IIex2_064",1
23848,"IIex2_001",1
23848,"Iex2_0175",1
23848,"Iex3_065",1
23848,"Iex2_0027",2
23848,"Iex2_0175",2
23848,"Iex2_0346",2
23848,"Iex2_0387",2
23848,"Iex3_038",2
23848,"Iex3_061",2
23848,"Iex3_065",2
23848,"IIex2_001",2
23848,"IIex2_040",2
23849,"Iex2_0001",1
23849,"Iex2_0002",1
23849,"Iex2_0228",1
23849,"Iex2_0229",1
23849,"Iex2_0261",1
23849,"Iex2_0332",1
23849,"Iex3_008",1
23849,"Iex3_045",1
23849,"Iex3_097",1
23849,"IIex2_020",1
23849,"Iex2_0001",2
23849,"Iex2_0002",2
23849,"Iex2_0018",2
23849,"Iex2_0047",2
23849,"Iex2_0049",2
23849,"Iex2_0332",2
23849,"Iex3_007",2
23849,"Iex3_008",2
23850,"Iex2_0005",1
23850,"Iex2_0013",1
23850,"Iex2_0022",1
23850,"Iex2_0067",1
23850,"Iex2_0346",1
23850,"Iex2_1474",1
23850,"Iex3_084",1
23850,"Iex3_215",1
23850,"IIex2_147",1
23850,"Iex2_0002",2
23850,"Iex2_0108",2
23850,"Iex2_0128",2
23850,"Iex2_0163",2
23850,"Iex2_0214",2
23850,"Iex2_0685",2
23850,"Iex2_1017",2
23850,"Iex2_1492",2
23850,"Iex3_025",2
23850,"Iex3_063",2
23850,"Iex3_073",2
23850,"Iex3_075",2
23850,"Iex3_077",2
23850,"Iex3_098",2
23850,"Iex3_102",2
23850,"IIex2_119",2
23851,"Iex2_0001",1
23851,"Iex2_0092",1
23851,"Iex2_0099",1
23851,"Iex2_0102",1
23851,"Iex2_0236",1
23851,"Iex2_0835",1
23851,"Iex3_001",1
23851,"Iex3_003",1
23851,"Iex3_017",1
23851,"Iex3_020",1
23851,"Iex3_036",1
23851,"Iex3_037",1
23851,"IIex2_045",1
23851,"Iex2_0045",1
23851,"Iex2_0171",1
23851,"Iex2_0500",1
23851,"Iex2_0596",1
23851,"Iex3_027",1
23851,"Iex3_034",1
23851,"Iex3_047",1
23851,"Iex3_062",1
23851,"Iex3_079",1
23851,"IIex2_041",1
23851,"Iex2_0001",2
23851,"Iex2_0045",2
23851,"Iex2_0102",2
23851,"Iex2_0171",2
23851,"Iex2_0500",2
23851,"Iex2_0596",2
23851,"Iex3_020",2
23851,"Iex3_027",2
23851,"Iex3_034",2
23851,"Iex3_047",2
23851,"Iex3_062",2
23851,"Iex3_079",2
23851,"IIex2_041",2
23852,"Iex2_0001",1
23852,"Iex2_0011",1
23852,"Iex2_0017",1
23852,"Iex2_0052",1
23852,"Iex2_0123",1
23852,"Iex2_0141",1
23852,"Iex2_0564",1
23852,"Iex3_002",1
23852,"Iex3_006",1
23852,"Iex3_009",1
23852,"Iex3_010",1
23852,"Iex3_069",1
23852,"Iex3_121",1
23852,"IIex2_197",1
23852,"IIex2_198",1
23852,"Iex2_0001",2
23852,"Iex2_0002",2
23852,"Iex2_0005",2
23852,"Iex2_0123",2
23852,"Iex2_0141",2
23852,"Iex2_0479",2
23852,"Iex2_0993",2
23852,"Iex2_1466",2
23852,"Iex3_002",2
23852,"Iex3_006",2
23852,"Iex3_010",2
23852,"Iex3_031",2
23852,"Iex3_050",2
23852,"Iex3_096",2
23852,"Iex2_0011",2
23852,"Iex2_0017",2
23852,"Iex2_0052",2
23852,"Iex2_0564",2
23852,"Iex3_009",2
23852,"Iex3_069",2
23852,"Iex3_121",2
23852,"IIex2_197",2
23852,"IIex2_198",2
23853,"Iex2_0001",1
23853,"Iex2_0047",1
23853,"Iex2_0076",1
23853,"Iex3_014",1
23853,"Iex3_028",1
23853,"Iex3_051",1
23853,"IIex2_113",1
23853,"IIex2_147",1
23853,"Iex2_0001",2
23853,"Iex2_0015",2
23853,"Iex2_0019",2
23853,"Iex2_0077",2
23853,"Iex2_0102",2
23853,"Iex2_0387",2
23853,"Iex2_0868",2
23853,"Iex3_005",2
23853,"Iex3_011",2
23853,"Iex3_020",2
23853,"Iex3_024",2
23853,"Iex3_038",2
23853,"IIex2_019",2
23853,"IIex2_059",2
23854,"Iex2_0001",1
23854,"Iex2_0022",1
23854,"Iex2_0077",1
23854,"Iex2_0171",1
23854,"Iex2_0218",1
23854,"Iex2_0500",1
23854,"Iex3_002",1
23854,"Iex3_011",1
23854,"Iex3_027",1
23854,"Iex3_034",1
23854,"Iex3_043",1
23854,"IIex2_001",1
23854,"IIex2_019",1
23854,"IIex2_059",1
23854,"Iex2_0001",2
23854,"Iex2_0022",2
23854,"Iex2_0047",2
23854,"Iex2_0077",2
23854,"Iex2_0118",2
23854,"Iex2_ps2",2
23854,"Iex3_011",2
23854,"Iex3_016",2
23854,"Iex3_028",2
23854,"IIex2_001",2
23854,"IIex2_040",2
23858,"Iex2_0001",1
23858,"Iex2_0171",1
23858,"Iex2_0500",1
23858,"Iex3_027",1
23858,"Iex3_034",1
23858,"Iex3_111",1
23858,"IIex2_114",1
23858,"IIex2_199",1
23858,"Iex2_0001",2
23858,"Iex2_0047",2
23858,"Iex2_0102",2
23858,"Iex3_007",2
23858,"Iex3_020",2
23858,"Iex3_023",2
23858,"IIex2_064",2
23859,"Iex2_0001",1
23859,"Iex2_0045",1
23859,"Iex2_0102",1
23859,"Iex2_0199",1
23859,"Iex2_0206",1
23859,"Iex2_0230",1
23859,"Iex2_0282",1
23859,"Iex2_0343",1
23859,"Iex2_0521",1
23859,"Iex3_005",1
23859,"Iex3_020",1
23859,"Iex3_021",1
23859,"Iex3_035",1
23859,"Iex3_047",1
23859,"Iex3_080",1
23859,"IIex2_041",1
23859,"Iex2_0015",2
23859,"Iex2_0118",2
23859,"Iex2_0154",2
23859,"Iex2_0240",2
23859,"Iex2_0374",2
23859,"Iex2_ps2",2
23859,"Iex3_001",2
23859,"Iex3_003",2
23859,"Iex3_016",2
23859,"Iex3_017",2
23859,"Iex3_040",2
23859,"IIex2_102",2
23859,"Iex2_0001",2
23859,"Iex2_0199",2
23859,"Iex2_0206",2
23859,"Iex2_0282",2
23859,"Iex2_0343",2
23859,"Iex2_0521",2
23859,"Iex3_021",2
23859,"Iex3_035",2
23859,"Iex3_080",2
23860,"Iex2_0001",1
23860,"Iex2_0002",1
23860,"Iex2_0049",1
23860,"Iex2_0108",1
23860,"Iex2_0128",1
23860,"Iex2_0163",1
23860,"Iex2_0214",1
23860,"Iex2_1017",1
23860,"Iex3_008",1
23860,"Iex3_073",1
23860,"Iex3_077",1
23860,"Iex3_086",1
23860,"Iex3_098",1
23860,"Iex3_102",1
23860,"IIex2_001",1
23860,"IIex2_045",1
23860,"Iex2_0001",2
23860,"Iex2_0002",2
23860,"Iex2_0047",2
23860,"Iex2_0077",2
23860,"Iex2_0102",2
23860,"Iex2_0230",2
23860,"Iex3_005",2
23860,"Iex3_011",2
23860,"Iex3_026",2
23860,"Iex3_028",2
23860,"Iex3_045",2
24193,"Iex2_0001",1
24193,"Iex2_0002",1
24193,"Iex2_0019",1
24193,"Iex2_0077",1
24193,"Iex2_0078",1
24193,"Iex2_0102",1
24193,"Iex3_011",1
24193,"Iex3_017",1
24193,"Iex3_026",1
24193,"IIex2_102",1
24193,"Iex2_0261",1
24193,"Iex3_008",1
24193,"Iex3_024",1
24193,"Iex2_0001",2
24193,"Iex2_0123",2
24193,"Iex2_0141",2
24193,"Iex2_0229",2
24193,"Iex2_0241",2
24193,"Iex2_1495",2
24193,"Iex3_002",2
24193,"Iex3_006",2
24193,"Iex3_010",2
24193,"Iex3_054",2
24193,"Iex3_056",2
24193,"IIex2_001",2
24193,"IIex2_009",2
24195,"Iex2_0022",1
24195,"Iex2_0077",1
24195,"Iex2_0108",1
24195,"Iex2_0329",1
24195,"Iex2_0372",1
24195,"Iex2_0375",1
24195,"Iex3_011",1
24195,"Iex3_098",1
24195,"Iex3_118",1
24195,"Iex3_130",1
24195,"Iex3_185",1
24195,"IIex2_118",1
24195,"Iex2_0002",2
24195,"Iex2_0135",2
24195,"Iex2_0229",2
24195,"Iex2_0241",2
24195,"Iex3_042",2
24195,"Iex3_054",2
24195,"Iex3_056",2
24195,"Iex3_082",2
24195,"IIex2_274",2
24197,"Iex2_0001",1
24197,"Iex2_0076",1
24197,"Iex2_0108",1
24197,"Iex2_0218",1
24197,"Iex2_0329",1
24197,"Iex2_0375",1
24197,"Iex3_008",1
24197,"Iex3_043",1
24197,"Iex3_051",1
24197,"Iex3_098",1
24197,"Iex3_118",1
24197,"Iex3_185",1
24197,"IIex2_064",1
24197,"Iex2_0001",2
24197,"Iex2_0005",2
24197,"Iex2_0123",2
24197,"Iex2_0141",2
24197,"Iex2_0479",2
24197,"Iex2_0993",2
24197,"Iex2_1466",2
24197,"Iex2_1491",2
24197,"Iex3_002",2
24197,"Iex3_006",2
24197,"Iex3_010",2
24197,"Iex3_017",2
24197,"Iex3_031",2
24197,"Iex3_050",2
24197,"Iex3_096",2
24197,"IIex2_082",2
